{"cameraMode":{"drawMode":0,"name":"Shaded","section":"Shading Mode"},"sceneLighting":true,"audioPlay":false,"sceneViewState":{"showFog":true,"showMaterialUpdate":true,"showSkybox":true,"showFlares":true,"showImageEffects":true,"showParticleSystems":true},"in2DMode":false,"pivot":{"x":-1.4123153686523438,"y":-0.46210503578186037,"z":1.3831405639648438},"rotation":{"x":-0.12389975786209107,"y":0.7063918709754944,"z":-0.1276187300682068,"w":-0.6851834654808044},"size":6.095792770385742,"orthographic":false}