{"cameraMode":{"drawMode":0,"name":"Shaded","section":"Shading Mode"},"sceneLighting":true,"audioPlay":false,"sceneViewState":{"showFog":true,"showMaterialUpdate":true,"showSkybox":true,"showFlares":true,"showImageEffects":true,"showParticleSystems":true},"in2DMode":false,"pivot":{"x":1.250072956085205,"y":1.058562994003296,"z":-6.093664646148682},"rotation":{"x":-0.015025373548269272,"y":0.9467659592628479,"z":-0.044319551438093188,"w":-0.31866151094436648},"size":5.060842514038086,"orthographic":false}