{"cameraMode":{"drawMode":0,"name":"Shaded","section":"Shading Mode"},"sceneLighting":true,"audioPlay":false,"sceneViewState":{"showFog":true,"showMaterialUpdate":true,"showSkybox":true,"showFlares":true,"showImageEffects":true,"showParticleSystems":true},"in2DMode":false,"pivot":{"x":0.91554194688797,"y":1.7539970874786378,"z":0.7411856651306152},"rotation":{"x":0.0037460927851498129,"y":0.6139037609100342,"z":-0.0030214323196560146,"w":0.7894227504730225},"size":1.3678812980651856,"orthographic":false}