{"cameraMode":{"drawMode":0,"name":"Shaded","section":"Shading Mode"},"sceneLighting":true,"audioPlay":false,"sceneViewState":{"showFog":true,"showMaterialUpdate":false,"showSkybox":true,"showFlares":true,"showImageEffects":true,"showParticleSystems":true},"in2DMode":false,"pivot":{"x":2.5170977115631105,"y":1.3053498268127442,"z":-2.1745548248291017},"rotation":{"x":0.006327600684016943,"y":-0.9936304688453674,"z":0.08547453582286835,"w":0.07345208525657654},"size":4.96073579788208,"orthographic":false}