{"cameraMode":{"drawMode":0,"name":"Shaded","section":"Shading Mode"},"sceneLighting":true,"audioPlay":false,"sceneViewState":{"showFog":true,"showMaterialUpdate":true,"showSkybox":true,"showFlares":true,"showImageEffects":true,"showParticleSystems":true},"in2DMode":false,"pivot":{"x":3.0869200229644777,"y":1.8833467960357667,"z":1.634763479232788},"rotation":{"x":0.04697508364915848,"y":-0.951158344745636,"z":0.2451985776424408,"w":0.18187212944030763},"size":1.4008779525756837,"orthographic":false}