{"cameraMode":{"drawMode":0,"name":"Shaded","section":"Shading Mode"},"sceneLighting":false,"audioPlay":false,"sceneViewState":{"showFog":true,"showMaterialUpdate":false,"showSkybox":false,"showFlares":true,"showImageEffects":true,"showParticleSystems":true},"in2DMode":false,"pivot":{"x":1.0,"y":0.019999999552965165,"z":-3.034600257873535},"rotation":{"x":0.1428670883178711,"y":-0.7940930128097534,"z":0.20471984148025514,"w":0.5541689395904541},"size":2.8228797912597658,"orthographic":false}